               epoch,      train/box_loss,      train/obj_loss,      train/cls_loss,   metrics/precision,      metrics/recall,     metrics/mAP_0.5,metrics/mAP_0.5:0.95,        val/box_loss,        val/obj_loss,        val/cls_loss,               x/lr0,               x/lr1,               x/lr2
                   0,            0.064621,            0.069688,             0.11694,             0.26144,             0.10566,           0.0070641,           0.0035764,            0.042755,              0.0516,             0.10331,           0.0033302,           0.0033302,            0.070028
                   1,            0.050752,            0.059217,              0.1003,            0.035096,             0.12338,            0.010788,           0.0065872,            0.034102,            0.049009,             0.09863,           0.0066634,           0.0066634,            0.040028
                   2,            0.046321,            0.057798,            0.095938,             0.92654,            0.021377,            0.015369,           0.0095569,            0.035619,            0.050643,            0.095045,           0.0099965,           0.0099965,            0.010028
                   3,            0.039965,             0.05454,            0.090584,             0.92547,            0.037877,             0.02486,            0.016847,             0.02997,            0.046793,            0.088088,           0.0099992,           0.0099992,           0.0099992
                   4,            0.035577,            0.050262,            0.084052,             0.84272,            0.070648,             0.03416,             0.02452,            0.028658,            0.046159,            0.082348,           0.0099992,           0.0099992,           0.0099992
                   5,            0.034112,            0.048693,            0.078141,             0.89097,            0.061466,            0.051652,            0.037017,            0.028969,            0.045317,            0.076843,           0.0099986,           0.0099986,           0.0099986
                   6,            0.032694,            0.047037,            0.072229,             0.88462,            0.075189,             0.06532,            0.048765,            0.027608,             0.04464,             0.07203,           0.0099978,           0.0099978,           0.0099978
                   7,            0.032177,            0.046179,            0.066776,             0.89248,             0.07873,            0.077436,            0.056768,            0.028217,            0.044845,            0.067202,           0.0099968,           0.0099968,           0.0099968
                   8,            0.031777,            0.045898,            0.062343,             0.89444,            0.088587,            0.092092,            0.067923,            0.027598,            0.044762,            0.062258,           0.0099956,           0.0099956,           0.0099956
                   9,            0.031637,            0.045352,            0.057974,              0.8855,            0.097914,             0.10241,            0.074547,            0.028028,            0.044761,            0.059816,           0.0099943,           0.0099943,           0.0099943
                  10,            0.031572,            0.045244,             0.05467,             0.89739,            0.099676,             0.11145,            0.083506,            0.027258,            0.044902,            0.057176,           0.0099928,           0.0099928,           0.0099928
                  11,            0.030992,            0.044252,             0.05195,             0.88445,             0.10402,             0.11844,            0.089096,            0.027141,             0.04479,            0.055781,           0.0099911,           0.0099911,           0.0099911
                  12,            0.030702,            0.044026,            0.049055,             0.89559,             0.10474,             0.12738,            0.096198,            0.027399,            0.045833,            0.054002,           0.0099893,           0.0099893,           0.0099893
                  13,            0.030676,            0.044076,             0.04705,             0.88906,             0.12051,             0.14269,             0.10858,            0.027379,            0.044957,            0.053062,           0.0099872,           0.0099872,           0.0099872
                  14,            0.030465,            0.043377,             0.04547,             0.90819,             0.11443,              0.1493,             0.11362,            0.027334,            0.044933,            0.051528,            0.009985,            0.009985,            0.009985
                  15,            0.030164,            0.043039,            0.043457,             0.76203,             0.16773,              0.1562,             0.11876,            0.027244,             0.04588,            0.050059,           0.0099826,           0.0099826,           0.0099826
                  16,             0.03019,            0.042807,            0.041556,             0.82273,              0.1485,             0.16374,             0.12389,            0.027314,            0.046325,            0.049461,             0.00998,             0.00998,             0.00998
                  17,            0.030024,            0.042463,            0.039911,             0.82219,             0.15014,             0.17054,             0.13068,            0.026859,            0.045194,            0.047887,           0.0099773,           0.0099773,           0.0099773
                  18,            0.030228,             0.04298,            0.038882,             0.80229,             0.16212,              0.1733,             0.13112,            0.026989,            0.044789,            0.046951,           0.0099744,           0.0099744,           0.0099744
                  19,            0.029818,            0.041717,             0.03712,             0.81741,             0.15854,             0.18198,             0.14088,            0.026928,            0.045386,              0.0465,           0.0099713,           0.0099713,           0.0099713
                  20,            0.030036,            0.042065,               0.036,             0.83099,             0.15859,             0.18927,             0.14509,            0.026909,            0.045848,            0.046375,            0.009968,            0.009968,            0.009968
                  21,            0.029525,            0.041766,            0.035303,             0.82919,             0.16618,             0.19929,             0.15373,             0.02662,            0.044904,            0.045656,           0.0099645,           0.0099645,           0.0099645
                  22,            0.029457,            0.041165,             0.03392,             0.80261,             0.17381,             0.20779,             0.16097,            0.026599,            0.045286,            0.045065,           0.0099609,           0.0099609,           0.0099609
                  23,            0.029401,            0.041119,            0.033189,              0.8249,             0.17024,             0.20158,             0.15493,            0.026763,            0.045564,            0.044658,           0.0099571,           0.0099571,           0.0099571
                  24,            0.029124,            0.040617,            0.032282,               0.714,             0.22028,             0.21449,             0.16523,            0.026551,            0.045135,            0.044654,           0.0099531,           0.0099531,           0.0099531
                  25,            0.029024,            0.040922,            0.031622,             0.82177,             0.18641,              0.2293,             0.17854,            0.026746,            0.044385,            0.043758,           0.0099489,           0.0099489,           0.0099489
                  26,            0.029229,            0.041008,            0.031152,             0.81687,             0.19231,             0.23452,              0.1797,            0.026734,             0.04527,            0.043236,           0.0099446,           0.0099446,           0.0099446
                  27,            0.029103,            0.041105,             0.03021,             0.78818,             0.19584,             0.22682,             0.17441,            0.026854,            0.045142,            0.043236,           0.0099401,           0.0099401,           0.0099401
                  28,            0.029005,            0.040275,            0.029588,             0.81692,              0.2007,             0.23518,             0.18108,            0.026488,            0.045496,            0.042082,           0.0099354,           0.0099354,           0.0099354
                  29,            0.028793,            0.040254,            0.028994,             0.79461,              0.2056,             0.24075,             0.18586,             0.02652,            0.045474,            0.041983,           0.0099305,           0.0099305,           0.0099305
                  30,            0.028675,            0.040257,            0.027862,             0.74541,              0.2192,             0.24304,             0.18878,            0.026525,            0.045521,            0.042507,           0.0099255,           0.0099255,           0.0099255
                  31,            0.028774,            0.039715,             0.02764,             0.72086,             0.23594,              0.2513,             0.19573,            0.026578,             0.04597,            0.042224,           0.0099203,           0.0099203,           0.0099203
                  32,            0.028839,            0.040352,            0.027069,             0.74817,             0.22965,             0.26336,              0.2067,            0.026501,            0.045894,            0.041704,           0.0099149,           0.0099149,           0.0099149
                  33,            0.028721,            0.039746,            0.026838,             0.73406,              0.2357,              0.2645,             0.20614,            0.026608,            0.045472,            0.041559,           0.0099093,           0.0099093,           0.0099093
                  34,            0.028469,            0.039447,            0.026164,             0.73346,             0.23905,             0.26811,             0.20864,            0.026325,            0.045728,            0.041413,           0.0099036,           0.0099036,           0.0099036
                  35,            0.028395,             0.03972,            0.025473,             0.78869,             0.22567,             0.26424,             0.20609,            0.026337,            0.045896,            0.041918,           0.0098977,           0.0098977,           0.0098977
                  36,            0.028354,            0.039643,              0.0251,             0.73146,             0.24602,             0.26154,             0.20183,            0.026479,            0.045736,             0.04117,           0.0098916,           0.0098916,           0.0098916
                  37,            0.028144,              0.0392,            0.024935,             0.78303,             0.23384,             0.26746,             0.20864,            0.026426,            0.045787,            0.040838,           0.0098854,           0.0098854,           0.0098854
                  38,            0.028681,            0.039643,            0.024504,             0.73783,             0.24339,             0.26828,             0.20918,            0.026514,            0.045479,            0.041347,           0.0098789,           0.0098789,           0.0098789
                  39,            0.028148,            0.039153,            0.023992,             0.74673,             0.24486,             0.27139,             0.20992,            0.026388,            0.046081,            0.041134,           0.0098723,           0.0098723,           0.0098723
                  40,            0.028338,            0.039252,            0.023868,             0.78987,             0.24191,             0.28318,             0.22284,            0.026607,            0.046913,            0.040841,           0.0098656,           0.0098656,           0.0098656
                  41,            0.028015,            0.039162,            0.023366,             0.75063,             0.25439,             0.28794,             0.22633,            0.026606,             0.04668,            0.040401,           0.0098586,           0.0098586,           0.0098586
                  42,            0.028258,            0.039365,            0.023005,             0.72736,             0.26795,             0.29266,             0.22957,            0.026373,            0.046123,            0.039843,           0.0098515,           0.0098515,           0.0098515
                  43,            0.027777,             0.03856,            0.022678,             0.74384,             0.25907,             0.29374,             0.23028,            0.026352,            0.046486,            0.040113,           0.0098442,           0.0098442,           0.0098442
                  44,            0.027899,            0.038877,            0.022395,             0.76855,             0.25229,             0.29562,             0.23181,            0.026429,            0.046272,            0.040407,           0.0098368,           0.0098368,           0.0098368
                  45,            0.028032,            0.038535,            0.022356,             0.73572,             0.27474,             0.30228,             0.23693,            0.026392,            0.046313,            0.040426,           0.0098291,           0.0098291,           0.0098291
                  46,            0.028091,            0.038819,            0.021987,             0.73344,             0.26837,             0.30636,             0.24056,            0.026222,            0.045911,            0.040168,           0.0098213,           0.0098213,           0.0098213
                  47,            0.027717,            0.038338,            0.021755,             0.73853,             0.27196,             0.31288,             0.24802,            0.026316,            0.045518,            0.039672,           0.0098133,           0.0098133,           0.0098133
                  48,            0.027659,            0.038225,            0.021117,             0.78592,             0.25924,             0.31405,             0.24825,            0.026242,            0.045739,            0.039517,           0.0098052,           0.0098052,           0.0098052
                  49,            0.027931,            0.038609,            0.021259,             0.75212,             0.26726,             0.31368,             0.24729,            0.026292,            0.045824,            0.039566,           0.0097969,           0.0097969,           0.0097969
                  50,            0.027789,            0.038586,            0.020922,             0.70241,              0.2905,              0.3138,              0.2461,            0.026275,            0.045565,            0.039331,           0.0097884,           0.0097884,           0.0097884
                  51,            0.027788,            0.038403,            0.020692,             0.73792,             0.27291,             0.31982,             0.25121,            0.026264,             0.04564,            0.039252,           0.0097798,           0.0097798,           0.0097798
                  52,             0.02752,            0.038446,            0.020406,              0.7047,             0.28865,             0.32598,             0.25834,            0.026237,            0.045782,            0.039221,           0.0097709,           0.0097709,           0.0097709
                  53,            0.027586,            0.038252,            0.020198,             0.72668,             0.28244,             0.32788,              0.2586,            0.026213,            0.045775,            0.038965,           0.0097619,           0.0097619,           0.0097619
                  54,             0.02749,             0.03797,             0.02012,             0.74734,             0.28197,             0.33605,             0.26624,            0.026247,            0.045928,            0.039016,           0.0097528,           0.0097528,           0.0097528
                  55,            0.027471,            0.038121,            0.019965,             0.74247,             0.29141,              0.3395,             0.26823,            0.026271,            0.045929,             0.03902,           0.0097435,           0.0097435,           0.0097435
                  56,            0.027561,            0.037844,            0.019566,             0.71454,             0.29961,             0.34664,              0.2741,            0.026286,            0.045903,            0.039128,            0.009734,            0.009734,            0.009734
                  57,            0.027705,             0.03792,            0.019553,               0.751,             0.28983,             0.35273,             0.27891,            0.026273,            0.045738,            0.039032,           0.0097243,           0.0097243,           0.0097243
                  58,            0.027426,            0.037935,            0.019445,             0.70938,             0.31116,             0.35774,             0.28397,            0.026279,            0.045623,            0.039079,           0.0097145,           0.0097145,           0.0097145
                  59,            0.027277,            0.037863,            0.019106,             0.70001,             0.31315,             0.36264,             0.28834,            0.026262,            0.045718,            0.039338,           0.0097045,           0.0097045,           0.0097045
                  60,             0.02729,            0.037459,             0.01904,             0.70815,              0.3091,             0.35865,             0.28503,            0.026274,            0.045742,            0.039285,           0.0096943,           0.0096943,           0.0096943
                  61,            0.027416,            0.038023,            0.018755,             0.70097,             0.30751,               0.364,             0.28933,            0.026259,            0.045618,            0.039064,            0.009684,            0.009684,            0.009684
                  62,            0.027159,            0.038032,            0.018664,             0.72886,             0.30899,             0.36559,             0.29078,            0.026284,            0.045764,            0.039027,           0.0096735,           0.0096735,           0.0096735
                  63,            0.027147,            0.037496,            0.018535,              0.7556,              0.3044,             0.36489,             0.29005,            0.026305,            0.045799,            0.038982,           0.0096628,           0.0096628,           0.0096628
                  64,            0.027015,            0.037666,            0.018031,             0.76671,             0.29823,             0.36714,             0.29256,            0.026293,             0.04582,            0.038884,            0.009652,            0.009652,            0.009652
                  65,            0.027361,            0.037954,            0.018127,             0.76675,             0.29963,             0.37189,             0.29696,            0.026277,            0.045839,            0.038802,            0.009641,            0.009641,            0.009641
                  66,            0.027226,            0.037723,            0.018066,             0.76463,             0.30035,             0.36839,             0.29349,            0.026264,            0.045909,            0.038767,           0.0096299,           0.0096299,           0.0096299
                  67,            0.026843,            0.037145,            0.017974,             0.78057,              0.2936,             0.37079,             0.29588,             0.02624,            0.045898,            0.038796,           0.0096186,           0.0096186,           0.0096186
                  68,            0.027162,            0.037096,            0.017702,             0.76408,             0.30019,             0.36977,             0.29517,            0.026229,             0.04597,            0.038764,           0.0096071,           0.0096071,           0.0096071
                  69,             0.02685,            0.037068,             0.01792,              0.7313,             0.31246,              0.3743,             0.29972,            0.026196,            0.045831,            0.038661,           0.0095955,           0.0095955,           0.0095955
                  70,            0.027123,            0.037583,            0.017627,             0.77905,             0.29421,             0.37549,             0.30093,            0.026156,            0.045836,            0.038624,           0.0095837,           0.0095837,           0.0095837
                  71,            0.026808,            0.037324,            0.017061,             0.76912,             0.30207,             0.37293,              0.2981,            0.026132,            0.045855,            0.038582,           0.0095717,           0.0095717,           0.0095717
                  72,            0.026776,             0.03686,            0.017038,             0.76229,             0.30619,             0.37481,             0.29928,            0.026119,            0.045908,            0.038529,           0.0095596,           0.0095596,           0.0095596
                  73,            0.026857,            0.036836,            0.016983,             0.80366,             0.29009,              0.3748,             0.30005,            0.026129,            0.045985,             0.03853,           0.0095473,           0.0095473,           0.0095473
                  74,             0.02676,            0.037169,            0.016688,             0.80204,             0.29095,             0.37583,             0.30065,            0.026136,            0.046015,            0.038511,           0.0095349,           0.0095349,           0.0095349
                  75,            0.026866,            0.037225,            0.016863,             0.80351,             0.29041,             0.37349,             0.29879,            0.026138,            0.046092,            0.038517,           0.0095223,           0.0095223,           0.0095223
                  76,            0.026723,            0.037174,            0.016743,             0.78661,             0.29786,             0.37677,             0.30097,            0.026135,            0.046128,            0.038537,           0.0095095,           0.0095095,           0.0095095
                  77,            0.026632,            0.036693,            0.016707,              0.7899,             0.29721,             0.37714,             0.30195,             0.02614,            0.046189,            0.038585,           0.0094966,           0.0094966,           0.0094966
                  78,            0.026978,            0.037586,            0.016656,             0.75669,             0.30831,             0.37684,              0.3021,            0.026142,            0.046207,            0.038623,           0.0094835,           0.0094835,           0.0094835
                  79,            0.026875,            0.037003,            0.016935,              0.7224,             0.31995,             0.37779,             0.30275,             0.02615,            0.046234,            0.038642,           0.0094703,           0.0094703,           0.0094703
                  80,            0.026626,            0.036581,             0.01661,             0.75777,             0.30607,             0.37861,             0.30371,            0.026152,            0.046218,            0.038662,           0.0094569,           0.0094569,           0.0094569
                  81,            0.026682,             0.03691,            0.016253,             0.76081,             0.30641,             0.37466,             0.29984,            0.026152,            0.046244,            0.038678,           0.0094434,           0.0094434,           0.0094434
                  82,            0.026564,            0.036709,            0.016331,             0.76164,             0.30538,             0.37398,             0.29941,            0.026149,             0.04625,            0.038689,           0.0094297,           0.0094297,           0.0094297
                  83,             0.02681,            0.036658,            0.016195,             0.76553,             0.30555,             0.37743,             0.30193,            0.026147,            0.046256,            0.038693,           0.0094158,           0.0094158,           0.0094158
                  84,            0.026624,            0.037077,            0.016138,             0.76878,              0.3055,             0.37673,             0.30103,            0.026138,            0.046217,            0.038685,           0.0094018,           0.0094018,           0.0094018
                  85,            0.026613,            0.036666,            0.016088,             0.77434,             0.30553,             0.37814,             0.30273,            0.026132,            0.046223,            0.038677,           0.0093877,           0.0093877,           0.0093877
                  86,            0.026346,            0.036212,            0.015784,             0.78203,             0.30491,             0.37664,             0.30099,            0.026124,            0.046204,            0.038675,           0.0093733,           0.0093733,           0.0093733
                  87,            0.026408,            0.036132,            0.015699,             0.77635,             0.30532,             0.37713,             0.30119,            0.026117,            0.046216,            0.038692,           0.0093589,           0.0093589,           0.0093589
                  88,            0.026571,            0.036657,            0.015764,             0.77482,             0.30611,             0.37687,             0.30086,            0.026113,            0.046222,            0.038702,           0.0093442,           0.0093442,           0.0093442
                  89,            0.026418,            0.036407,            0.015795,             0.76908,             0.30639,             0.37871,             0.30297,            0.026115,            0.046225,            0.038715,           0.0093295,           0.0093295,           0.0093295
                  90,            0.026369,            0.036263,            0.015668,             0.77806,             0.30598,             0.37848,             0.30252,            0.026114,            0.046272,            0.038703,           0.0093146,           0.0093146,           0.0093146
                  91,            0.026145,            0.036407,            0.015501,             0.75935,              0.3077,             0.37814,             0.30216,            0.026113,            0.046278,             0.03868,           0.0092995,           0.0092995,           0.0092995
                  92,            0.026325,            0.036233,            0.015278,             0.75838,              0.3082,             0.37998,             0.30428,            0.026106,            0.046304,             0.03868,           0.0092843,           0.0092843,           0.0092843
                  93,            0.026618,            0.036583,            0.015485,              0.7199,             0.32273,             0.37922,             0.30335,            0.026105,            0.046326,            0.038676,           0.0092689,           0.0092689,           0.0092689
                  94,            0.026028,            0.035862,            0.015242,             0.73129,             0.32156,             0.37987,             0.30262,              0.0261,            0.046323,            0.038671,           0.0092534,           0.0092534,           0.0092534
                  95,            0.026611,            0.036418,            0.015359,             0.73786,             0.31941,             0.37994,             0.30423,            0.026098,            0.046328,            0.038688,           0.0092377,           0.0092377,           0.0092377
                  96,            0.026184,            0.036276,            0.015397,             0.73996,             0.31972,             0.37731,             0.30243,            0.026092,            0.046349,            0.038702,           0.0092219,           0.0092219,           0.0092219
                  97,            0.026203,            0.036142,            0.014968,             0.74154,             0.31951,             0.37676,             0.30187,             0.02609,            0.046368,            0.038708,           0.0092059,           0.0092059,           0.0092059
                  98,            0.026286,            0.035783,            0.015121,              0.7413,             0.31943,             0.37667,               0.302,            0.026084,            0.046369,             0.03871,           0.0091898,           0.0091898,           0.0091898
                  99,            0.025991,             0.03599,            0.014817,             0.74657,             0.31468,             0.37776,             0.30293,            0.026078,            0.046375,            0.038706,           0.0091735,           0.0091735,           0.0091735
                 100,             0.02603,            0.035876,            0.014936,             0.75123,             0.31364,             0.38101,             0.30501,            0.026072,            0.046384,            0.038696,           0.0091571,           0.0091571,           0.0091571
                 101,             0.02609,            0.036069,             0.01493,             0.75448,             0.31201,             0.38183,             0.30575,            0.026072,            0.046407,            0.038694,           0.0091406,           0.0091406,           0.0091406
                 102,            0.025845,            0.035578,            0.014792,             0.75761,             0.31078,              0.3816,              0.3058,            0.026069,            0.046429,            0.038703,           0.0091239,           0.0091239,           0.0091239
                 103,            0.025928,            0.035453,             0.01471,             0.75491,             0.31242,             0.38296,             0.30707,            0.026064,            0.046433,            0.038702,           0.0091071,           0.0091071,           0.0091071
                 104,            0.026097,               0.036,            0.014693,             0.76336,             0.30729,             0.38323,             0.30838,            0.026062,            0.046455,            0.038701,           0.0090901,           0.0090901,           0.0090901
                 105,            0.026075,            0.035971,            0.014666,              0.7709,             0.30749,             0.38347,             0.30904,            0.026063,            0.046472,            0.038697,            0.009073,            0.009073,            0.009073
                 106,            0.025966,              0.0358,            0.014704,             0.78147,             0.30615,             0.38209,             0.30746,            0.026066,            0.046479,            0.038695,           0.0090557,           0.0090557,           0.0090557
                 107,            0.026017,            0.036037,            0.014734,             0.77681,             0.30566,             0.38185,             0.30687,            0.026066,            0.046501,            0.038692,           0.0090383,           0.0090383,           0.0090383
                 108,            0.025707,            0.035894,             0.01467,             0.73705,             0.31725,             0.38175,             0.30688,            0.026068,            0.046514,              0.0387,           0.0090208,           0.0090208,           0.0090208
                 109,            0.026024,               0.036,            0.014744,             0.78373,             0.30587,             0.38126,             0.30668,            0.026069,            0.046537,            0.038692,           0.0090031,           0.0090031,           0.0090031
                 110,            0.025948,            0.035509,            0.014428,             0.75931,             0.30952,             0.38121,             0.30648,            0.026074,            0.046549,            0.038692,           0.0089853,           0.0089853,           0.0089853
                 111,            0.025816,            0.035298,            0.014331,             0.75152,             0.31062,             0.38105,             0.30602,            0.026077,             0.04658,            0.038695,           0.0089673,           0.0089673,           0.0089673
                 112,            0.025487,            0.035067,            0.014321,             0.74946,             0.31214,             0.38087,             0.30581,            0.026083,            0.046596,            0.038696,           0.0089492,           0.0089492,           0.0089492
                 113,            0.025581,            0.035475,            0.014265,              0.7466,             0.31349,             0.38062,             0.30585,            0.026086,            0.046623,             0.03869,            0.008931,            0.008931,            0.008931
                 114,            0.025685,            0.035403,            0.014111,             0.75144,             0.31071,             0.38303,             0.30723,             0.02609,            0.046631,            0.038693,           0.0089126,           0.0089126,           0.0089126
                 115,            0.025616,            0.035138,            0.013906,             0.75259,             0.30984,             0.38295,             0.30716,            0.026093,            0.046637,            0.038696,           0.0088941,           0.0088941,           0.0088941
                 116,            0.025724,             0.03546,            0.014088,              0.7645,             0.30849,             0.38607,             0.30832,            0.026094,            0.046654,            0.038693,           0.0088755,           0.0088755,           0.0088755
                 117,            0.025517,            0.035218,             0.01398,             0.77372,             0.30694,             0.38633,             0.30872,            0.026092,            0.046637,            0.038702,           0.0088567,           0.0088567,           0.0088567
                 118,            0.025517,            0.034979,            0.013789,              0.7714,             0.30731,             0.38604,             0.30869,             0.02609,            0.046649,            0.038713,           0.0088378,           0.0088378,           0.0088378
                 119,            0.025474,            0.035473,             0.01395,             0.72875,             0.32514,             0.38354,              0.3069,            0.026091,            0.046669,            0.038714,           0.0088188,           0.0088188,           0.0088188
                 120,            0.025628,            0.035144,            0.013948,             0.70908,             0.33728,              0.3831,             0.30675,             0.02609,            0.046708,            0.038723,           0.0087996,           0.0087996,           0.0087996
                 121,            0.025574,            0.035363,            0.013881,             0.71009,             0.33712,             0.38404,             0.30779,            0.026092,            0.046715,             0.03873,           0.0087804,           0.0087804,           0.0087804
                 122,            0.025554,            0.034909,            0.013727,               0.711,             0.33689,             0.38393,             0.30824,            0.026094,            0.046743,            0.038731,           0.0087609,           0.0087609,           0.0087609
                 123,            0.025589,            0.035015,            0.013835,             0.65768,              0.3734,             0.38468,             0.30898,            0.026098,            0.046769,            0.038737,           0.0087414,           0.0087414,           0.0087414
                 124,            0.025386,            0.035121,            0.013861,             0.66158,             0.37322,             0.38457,             0.30846,            0.026101,            0.046789,            0.038723,           0.0087217,           0.0087217,           0.0087217
                 125,            0.025564,            0.035191,            0.013649,             0.66381,             0.37276,             0.38367,             0.30751,            0.026106,              0.0468,            0.038723,           0.0087019,           0.0087019,           0.0087019
                 126,            0.025359,            0.035174,            0.013633,             0.66547,             0.37151,             0.38376,             0.30752,            0.026108,            0.046808,            0.038727,            0.008682,            0.008682,            0.008682
                 127,            0.025355,            0.035256,            0.013689,             0.67095,             0.37098,             0.38462,             0.30855,            0.026109,            0.046826,            0.038737,           0.0086619,           0.0086619,           0.0086619
                 128,            0.025425,            0.035041,            0.013571,             0.67279,             0.37125,             0.38458,             0.30898,            0.026112,            0.046833,            0.038741,           0.0086417,           0.0086417,           0.0086417
                 129,            0.025438,            0.034811,            0.013555,              0.6605,             0.36879,             0.38461,             0.30882,            0.026114,            0.046853,            0.038729,           0.0086214,           0.0086214,           0.0086214
                 130,            0.025227,            0.034769,            0.013345,             0.66451,             0.36862,             0.38741,             0.31045,            0.026116,            0.046874,             0.03872,            0.008601,            0.008601,            0.008601
                 131,            0.025432,            0.034951,            0.013408,             0.67315,             0.36736,             0.38807,             0.31091,            0.026118,            0.046898,            0.038722,           0.0085805,           0.0085805,           0.0085805
                 132,            0.025472,            0.034811,             0.01336,             0.67648,             0.36733,              0.3881,             0.31113,            0.026116,             0.04691,             0.03872,           0.0085598,           0.0085598,           0.0085598
                 133,            0.025444,            0.034991,            0.013478,             0.67731,             0.36668,             0.38799,             0.31095,            0.026115,            0.046941,             0.03873,            0.008539,            0.008539,            0.008539
                 134,            0.025292,            0.034596,            0.013506,             0.67726,             0.36458,             0.38785,             0.31078,            0.026104,             0.04693,            0.038706,           0.0085181,           0.0085181,           0.0085181
                 135,            0.025417,            0.035083,            0.013317,              0.6807,              0.3624,             0.38832,              0.3104,            0.026099,            0.046949,            0.038709,           0.0084971,           0.0084971,           0.0084971
                 136,            0.025116,            0.034691,            0.013229,             0.68252,             0.36018,              0.3861,             0.30918,            0.026097,             0.04696,            0.038719,           0.0084759,           0.0084759,           0.0084759
                 137,            0.025195,            0.034581,            0.013243,             0.68548,             0.35932,             0.38689,              0.3106,              0.0261,            0.046989,            0.038731,           0.0084546,           0.0084546,           0.0084546
                 138,            0.025175,             0.03459,            0.013043,             0.69878,             0.35913,             0.38658,             0.31022,            0.026099,            0.046986,            0.038742,           0.0084333,           0.0084333,           0.0084333
                 139,            0.025022,            0.034406,             0.01299,             0.69986,             0.35882,             0.39001,             0.31151,              0.0261,             0.04699,            0.038746,           0.0084118,           0.0084118,           0.0084118
                 140,             0.02511,            0.034562,            0.013021,              0.7015,             0.35864,             0.39076,             0.31192,            0.026103,            0.046997,            0.038751,           0.0083901,           0.0083901,           0.0083901
                 141,            0.024983,            0.034394,            0.013137,             0.70275,             0.36005,             0.39204,             0.31296,            0.026102,            0.046993,            0.038757,           0.0083684,           0.0083684,           0.0083684
                 142,            0.025144,            0.034291,            0.013055,             0.70514,             0.35975,             0.39175,             0.31281,            0.026101,            0.046987,            0.038763,           0.0083466,           0.0083466,           0.0083466
                 143,            0.025187,            0.034596,            0.012959,             0.70348,             0.35806,              0.3921,             0.31353,            0.026103,            0.047006,            0.038776,           0.0083246,           0.0083246,           0.0083246
                 144,            0.025178,            0.034401,            0.013214,             0.70362,             0.35806,             0.39218,             0.31355,            0.026106,            0.047019,             0.03878,           0.0083025,           0.0083025,           0.0083025
                 145,            0.025042,            0.034521,            0.012871,             0.70632,             0.35754,             0.39218,             0.31402,            0.026105,            0.047021,            0.038769,           0.0082804,           0.0082804,           0.0082804
                 146,            0.024963,            0.034675,            0.012707,             0.70689,             0.35737,             0.39252,              0.3149,            0.026106,            0.047029,            0.038758,           0.0082581,           0.0082581,           0.0082581
                 147,            0.024983,             0.03442,            0.012835,             0.70629,             0.35727,             0.39269,             0.31508,            0.026107,             0.04706,            0.038763,           0.0082357,           0.0082357,           0.0082357
                 148,            0.025005,            0.034425,            0.013001,             0.70665,              0.3572,             0.39312,             0.31555,            0.026108,             0.04707,            0.038764,           0.0082132,           0.0082132,           0.0082132
                 149,            0.024798,            0.034014,            0.012977,             0.70462,             0.35451,             0.39198,              0.3145,             0.02611,            0.047077,            0.038761,           0.0081906,           0.0081906,           0.0081906
                 150,             0.02485,            0.034278,             0.01285,             0.70586,             0.35416,             0.39213,             0.31396,            0.026109,            0.047105,            0.038763,           0.0081679,           0.0081679,           0.0081679
                 151,             0.02468,            0.033932,            0.012661,             0.70536,             0.35532,             0.39251,             0.31447,            0.026106,              0.0471,            0.038771,            0.008145,            0.008145,            0.008145
                 152,             0.02489,            0.033907,            0.012734,              0.7099,             0.35564,             0.39244,              0.3142,            0.026105,            0.047108,            0.038786,           0.0081221,           0.0081221,           0.0081221
                 153,            0.024748,            0.034242,            0.012622,             0.71045,              0.3541,             0.39276,             0.31467,            0.026107,            0.047117,             0.03881,           0.0080991,           0.0080991,           0.0080991
                 154,            0.024986,            0.034292,            0.012646,              0.7107,             0.35386,             0.39335,             0.31549,            0.026106,             0.04713,            0.038824,           0.0080759,           0.0080759,           0.0080759
                 155,            0.024911,            0.034333,             0.01276,              0.7118,             0.35357,             0.39326,             0.31521,            0.026104,            0.047136,            0.038825,           0.0080527,           0.0080527,           0.0080527
                 156,            0.024778,            0.034081,            0.012598,             0.71197,             0.35365,             0.39046,             0.31275,            0.026104,            0.047144,            0.038829,           0.0080294,           0.0080294,           0.0080294
                 157,            0.024771,            0.034238,              0.0126,             0.71261,              0.3534,             0.39435,             0.31537,            0.026108,            0.047153,            0.038826,           0.0080059,           0.0080059,           0.0080059
                 158,            0.024617,            0.033795,            0.012579,             0.71268,             0.35421,             0.39504,             0.31577,            0.026109,            0.047175,            0.038826,           0.0079824,           0.0079824,           0.0079824
                 159,             0.02475,            0.034113,            0.012484,             0.71634,             0.35719,             0.39606,             0.31721,             0.02611,            0.047183,            0.038824,           0.0079588,           0.0079588,           0.0079588
                 160,            0.024678,            0.034035,            0.012428,              0.7172,             0.35673,             0.39671,             0.31809,            0.026112,            0.047203,            0.038825,            0.007935,            0.007935,            0.007935
                 161,            0.024577,            0.033737,            0.012185,             0.71859,             0.35713,             0.39688,             0.31829,            0.026116,            0.047226,            0.038819,           0.0079112,           0.0079112,           0.0079112
                 162,            0.024565,            0.033905,             0.01237,             0.71821,              0.3572,             0.39711,             0.31832,            0.026118,            0.047236,            0.038825,           0.0078873,           0.0078873,           0.0078873
                 163,            0.024411,            0.033667,            0.012256,             0.71816,              0.3573,             0.39717,             0.31886,            0.026118,            0.047243,            0.038828,           0.0078633,           0.0078633,           0.0078633
                 164,            0.024686,            0.034029,            0.012255,             0.71851,             0.35762,             0.39727,             0.31875,            0.026123,            0.047252,            0.038835,           0.0078392,           0.0078392,           0.0078392
                 165,            0.024589,            0.033783,            0.012345,             0.71931,              0.3583,             0.39748,             0.31885,            0.026127,             0.04728,            0.038834,            0.007815,            0.007815,            0.007815
                 166,            0.024412,            0.033551,            0.012199,             0.72138,              0.3583,             0.39781,             0.31925,            0.026129,            0.047301,             0.03884,           0.0077907,           0.0077907,           0.0077907
                 167,            0.024381,            0.033624,            0.012098,             0.72292,              0.3573,             0.39795,             0.31881,            0.026134,            0.047332,            0.038839,           0.0077663,           0.0077663,           0.0077663
                 168,            0.024488,            0.033764,            0.012223,             0.72717,             0.35782,             0.39785,             0.31858,            0.026137,             0.04736,            0.038842,           0.0077418,           0.0077418,           0.0077418
                 169,            0.024466,             0.03368,            0.011969,             0.72985,             0.35692,               0.398,             0.31869,            0.026145,              0.0474,            0.038857,           0.0077173,           0.0077173,           0.0077173
                 170,            0.024446,            0.033463,            0.012013,             0.73324,               0.357,             0.40095,             0.32173,            0.026149,            0.047407,            0.038876,           0.0076926,           0.0076926,           0.0076926
                 171,            0.024495,            0.033678,            0.012096,             0.73339,             0.35622,             0.40114,             0.32123,            0.026154,            0.047433,             0.03889,           0.0076679,           0.0076679,           0.0076679
                 172,            0.024483,            0.033369,            0.012135,             0.72724,             0.35589,             0.40131,             0.32213,             0.02616,            0.047445,            0.038901,           0.0076431,           0.0076431,           0.0076431
                 173,             0.02448,            0.033422,            0.012084,             0.72849,             0.35638,             0.40121,             0.32078,            0.026164,            0.047481,            0.038907,           0.0076182,           0.0076182,           0.0076182
                 174,            0.024294,            0.033286,            0.012052,             0.72837,             0.35646,             0.40127,             0.32154,            0.026165,            0.047485,            0.038906,           0.0075932,           0.0075932,           0.0075932
                 175,            0.024343,            0.033349,            0.012094,             0.72726,               0.357,             0.40137,             0.32144,            0.026167,            0.047501,            0.038904,           0.0075681,           0.0075681,           0.0075681
                 176,             0.02421,            0.033295,            0.011861,             0.72737,             0.35654,             0.40161,             0.32141,            0.026168,            0.047517,             0.03892,            0.007543,            0.007543,            0.007543
                 177,            0.024274,             0.03343,            0.012025,             0.72639,             0.35667,             0.40125,             0.32085,            0.026168,            0.047527,            0.038933,           0.0075177,           0.0075177,           0.0075177
                 178,            0.024295,            0.032958,             0.01195,             0.72671,             0.35615,             0.40148,             0.32114,            0.026171,            0.047562,            0.038955,           0.0074924,           0.0074924,           0.0074924
                 179,            0.024125,            0.033187,            0.011765,             0.72356,             0.35465,             0.40562,             0.32495,            0.026175,            0.047601,            0.038968,            0.007467,            0.007467,            0.007467
                 180,            0.024387,            0.033459,            0.011825,              0.7208,             0.35574,             0.40409,             0.32409,             0.02618,            0.047638,            0.038976,           0.0074416,           0.0074416,           0.0074416
                 181,            0.023984,            0.033127,            0.011827,              0.7217,             0.35531,             0.40403,             0.32397,            0.026183,            0.047667,            0.039002,            0.007416,            0.007416,            0.007416
                 182,            0.024113,            0.033221,            0.011714,             0.72139,             0.35458,               0.404,             0.32398,            0.026186,            0.047689,            0.039034,           0.0073904,           0.0073904,           0.0073904
                 183,            0.024151,            0.033073,            0.011749,             0.72287,             0.35384,             0.40496,             0.32472,            0.026188,            0.047732,            0.039059,           0.0073647,           0.0073647,           0.0073647
                 184,            0.024165,             0.03294,            0.011845,             0.72216,             0.35307,             0.40507,             0.32529,             0.02619,            0.047747,            0.039081,           0.0073389,           0.0073389,           0.0073389
                 185,            0.023987,             0.03292,            0.011653,             0.72414,             0.35286,             0.40496,             0.32509,            0.026193,            0.047782,            0.039098,           0.0073131,           0.0073131,           0.0073131
                 186,            0.023979,            0.032955,            0.011529,             0.72512,             0.35212,              0.4051,             0.32562,            0.026196,            0.047794,            0.039108,           0.0072872,           0.0072872,           0.0072872
                 187,            0.024028,            0.033065,            0.011567,             0.72372,             0.35197,             0.40496,             0.32453,            0.026198,            0.047828,            0.039137,           0.0072612,           0.0072612,           0.0072612
                 188,            0.024064,            0.033162,            0.011631,             0.72616,             0.35094,              0.4048,             0.32498,            0.026205,             0.04787,            0.039174,           0.0072351,           0.0072351,           0.0072351
                 189,            0.023931,            0.033075,            0.011655,             0.72524,             0.35109,             0.40497,              0.3243,            0.026209,            0.047892,              0.0392,            0.007209,            0.007209,            0.007209
                 190,            0.024028,             0.03279,            0.011645,              0.7274,             0.35082,             0.40525,             0.32402,            0.026217,            0.047929,            0.039223,           0.0071828,           0.0071828,           0.0071828
                 191,            0.023813,            0.032711,            0.011774,             0.72661,             0.35078,             0.40475,             0.32333,            0.026219,            0.047951,            0.039258,           0.0071566,           0.0071566,           0.0071566
                 192,            0.023892,            0.033003,            0.011767,             0.73742,             0.34787,             0.40422,             0.32281,            0.026221,            0.047951,            0.039287,           0.0071302,           0.0071302,           0.0071302
                 193,            0.024004,            0.033177,            0.011632,             0.73789,             0.34726,             0.40109,             0.31997,            0.026228,            0.047978,             0.03931,           0.0071039,           0.0071039,           0.0071039
                 194,            0.024035,            0.032865,            0.011581,             0.73794,             0.34624,             0.40099,             0.31986,            0.026231,            0.047995,            0.039329,           0.0070774,           0.0070774,           0.0070774
                 195,            0.023779,            0.032652,            0.011309,             0.73817,             0.34423,             0.40076,             0.32003,            0.026237,            0.048021,            0.039352,           0.0070509,           0.0070509,           0.0070509
                 196,            0.023968,            0.033025,             0.01141,             0.73917,             0.34396,             0.39891,              0.3185,            0.026242,            0.048051,            0.039378,           0.0070243,           0.0070243,           0.0070243
                 197,            0.023663,            0.032403,            0.011337,             0.74021,             0.34375,             0.39882,             0.31797,            0.026248,             0.04808,            0.039403,           0.0069977,           0.0069977,           0.0069977
                 198,             0.02378,            0.032648,            0.011267,             0.74293,             0.34281,              0.3992,             0.31848,             0.02625,            0.048103,            0.039413,            0.006971,            0.006971,            0.006971
                 199,             0.02382,            0.033022,            0.011305,             0.74421,             0.34163,             0.39837,             0.31794,            0.026253,            0.048131,             0.03942,           0.0069442,           0.0069442,           0.0069442
                 200,            0.023885,            0.032577,            0.011433,             0.74536,             0.34067,              0.3985,             0.31832,            0.026253,             0.04816,            0.039429,           0.0069174,           0.0069174,           0.0069174
                 201,            0.023477,            0.032299,            0.011423,              0.7468,             0.33966,             0.39844,             0.31835,            0.026258,            0.048196,            0.039455,           0.0068906,           0.0068906,           0.0068906
                 202,            0.023471,            0.032314,            0.011306,             0.74712,             0.33946,             0.39868,             0.31852,            0.026257,            0.048226,            0.039474,           0.0068637,           0.0068637,           0.0068637
                 203,            0.023678,            0.032369,            0.011108,             0.74888,             0.33914,             0.39874,             0.31861,            0.026255,            0.048265,            0.039488,           0.0068367,           0.0068367,           0.0068367
                 204,             0.02366,            0.032651,             0.01131,             0.74977,              0.3387,              0.3988,             0.31851,             0.02625,            0.048279,            0.039494,           0.0068097,           0.0068097,           0.0068097
                 205,             0.02368,            0.032673,            0.011313,             0.75054,             0.33832,             0.40008,             0.31967,             0.02625,            0.048294,            0.039499,           0.0067826,           0.0067826,           0.0067826
                 206,            0.023755,            0.032491,            0.011168,             0.69911,             0.36223,              0.4006,              0.3198,            0.026254,            0.048309,            0.039507,           0.0067555,           0.0067555,           0.0067555
                 207,            0.023646,            0.032507,            0.011205,             0.75136,             0.33819,             0.40062,             0.31961,            0.026259,             0.04835,            0.039527,           0.0067283,           0.0067283,           0.0067283
                 208,            0.023541,            0.032475,            0.011179,             0.70091,              0.3605,             0.40065,             0.31922,            0.026263,            0.048373,            0.039538,           0.0067011,           0.0067011,           0.0067011
                 209,            0.023463,            0.032097,            0.011269,             0.70298,             0.36036,             0.40244,             0.32071,            0.026263,            0.048396,            0.039551,           0.0066738,           0.0066738,           0.0066738
                 210,            0.023403,            0.032261,             0.01106,             0.70531,             0.35947,             0.40259,             0.32097,            0.026261,            0.048425,            0.039567,           0.0066465,           0.0066465,           0.0066465
                 211,            0.023383,            0.031992,            0.011086,             0.70591,              0.3596,             0.40257,             0.32144,            0.026261,            0.048438,            0.039573,           0.0066191,           0.0066191,           0.0066191
                 212,            0.023519,            0.032305,            0.011065,             0.70564,             0.35974,             0.40243,             0.32128,            0.026258,            0.048461,            0.039576,           0.0065917,           0.0065917,           0.0065917
                 213,            0.023383,            0.032248,            0.010863,             0.70813,             0.35874,             0.40169,              0.3203,            0.026257,            0.048506,             0.03959,           0.0065642,           0.0065642,           0.0065642
                 214,            0.023314,             0.03221,            0.011006,             0.71504,             0.35908,             0.40551,             0.32349,            0.026254,            0.048536,            0.039601,           0.0065368,           0.0065368,           0.0065368
                 215,            0.023383,            0.032054,            0.011005,             0.70961,             0.35867,             0.40541,             0.32295,            0.026253,            0.048564,            0.039621,           0.0065092,           0.0065092,           0.0065092
                 216,            0.023392,            0.032063,            0.010865,             0.74076,             0.34547,             0.40516,             0.32314,            0.026254,            0.048586,            0.039642,           0.0064816,           0.0064816,           0.0064816
                 217,            0.023183,            0.031824,            0.010741,             0.74955,             0.34498,             0.40585,             0.32365,            0.026256,            0.048625,            0.039658,            0.006454,            0.006454,            0.006454
                 218,            0.023368,            0.032106,            0.010862,             0.74803,             0.34536,             0.40535,             0.32311,            0.026258,            0.048659,            0.039682,           0.0064264,           0.0064264,           0.0064264
                 219,            0.023137,            0.032052,            0.010878,             0.74866,              0.3449,             0.40605,             0.32375,            0.026256,            0.048694,            0.039707,           0.0063987,           0.0063987,           0.0063987
                 220,            0.023145,            0.031735,             0.01082,             0.75523,             0.34231,             0.40536,              0.3234,            0.026262,            0.048741,            0.039728,            0.006371,            0.006371,            0.006371
                 221,            0.023281,            0.032002,            0.010685,             0.75937,              0.3413,             0.40515,             0.32304,            0.026265,            0.048755,            0.039745,           0.0063432,           0.0063432,           0.0063432
                 222,            0.023273,            0.031571,            0.010724,             0.76425,             0.33901,             0.40613,             0.32396,            0.026268,            0.048798,            0.039771,           0.0063154,           0.0063154,           0.0063154
                 223,            0.023366,            0.032122,            0.010923,             0.76421,             0.33872,             0.40633,             0.32397,            0.026273,            0.048832,            0.039791,           0.0062876,           0.0062876,           0.0062876
                 224,            0.023148,            0.031941,            0.010727,             0.75327,             0.34454,             0.40594,              0.3236,            0.026275,            0.048869,            0.039821,           0.0062598,           0.0062598,           0.0062598
                 225,            0.023309,            0.031935,            0.010904,             0.75284,             0.34465,              0.4058,             0.32317,            0.026276,            0.048909,            0.039847,           0.0062319,           0.0062319,           0.0062319
                 226,            0.022896,            0.031839,            0.010476,             0.75368,             0.34455,             0.40608,             0.32329,             0.02628,            0.048959,            0.039871,            0.006204,            0.006204,            0.006204
                 227,             0.02306,            0.031804,            0.010538,             0.75679,             0.34195,             0.40609,              0.3231,            0.026284,            0.049024,            0.039907,            0.006176,            0.006176,            0.006176
                 228,            0.023091,            0.031795,            0.010572,             0.75243,             0.34388,             0.40629,             0.32328,            0.026288,            0.049049,            0.039935,            0.006148,            0.006148,            0.006148
                 229,            0.023228,            0.031741,            0.010735,             0.74507,             0.34521,             0.40581,             0.32299,            0.026292,             0.04911,            0.039962,           0.0061201,           0.0061201,           0.0061201
                 230,            0.022946,            0.031763,            0.010554,             0.74174,             0.34697,             0.40555,             0.32267,            0.026296,            0.049135,            0.039974,            0.006092,            0.006092,            0.006092
                 231,            0.023059,            0.031794,            0.010467,             0.74145,             0.34729,               0.405,             0.32148,            0.026295,            0.049181,            0.039987,            0.006064,            0.006064,            0.006064
                 232,            0.022962,            0.031281,            0.010485,             0.73891,             0.34825,             0.40505,              0.3216,            0.026298,            0.049204,            0.039997,           0.0060359,           0.0060359,           0.0060359
                 233,            0.022851,            0.031408,            0.010342,             0.73663,             0.34884,             0.40488,             0.32147,            0.026297,            0.049245,            0.040002,           0.0060079,           0.0060079,           0.0060079
                 234,            0.022903,            0.031692,            0.010277,             0.72716,             0.34947,             0.40451,             0.32152,            0.026296,            0.049231,             0.04001,           0.0059798,           0.0059798,           0.0059798
                 235,            0.023001,            0.031593,            0.010371,             0.69703,             0.35799,             0.40447,             0.32227,            0.026294,            0.049266,            0.040033,           0.0059516,           0.0059516,           0.0059516
                 236,            0.022969,            0.031568,            0.010431,              0.6909,              0.3585,             0.40337,             0.32121,            0.026293,            0.049297,             0.04006,           0.0059235,           0.0059235,           0.0059235
                 237,            0.022664,            0.031279,            0.010318,             0.69057,             0.35836,             0.40304,             0.32154,            0.026292,            0.049316,            0.040087,           0.0058953,           0.0058953,           0.0058953
                 238,            0.022924,            0.031372,            0.010354,             0.69143,             0.35793,             0.40293,             0.32166,            0.026291,            0.049361,            0.040102,           0.0058672,           0.0058672,           0.0058672
                 239,            0.022603,            0.030934,            0.010384,             0.69095,             0.35908,             0.40262,             0.32092,            0.026292,            0.049396,            0.040118,            0.005839,            0.005839,            0.005839
                 240,            0.022625,            0.031084,            0.010173,             0.68844,             0.36036,             0.40439,             0.32223,            0.026297,            0.049435,            0.040133,           0.0058108,           0.0058108,           0.0058108
                 241,            0.022742,            0.031052,            0.010316,             0.69191,             0.35716,             0.40373,             0.32135,            0.026304,            0.049466,            0.040135,           0.0057826,           0.0057826,           0.0057826
                 242,            0.022869,            0.031645,            0.010333,             0.69377,             0.35737,             0.40375,             0.32273,            0.026313,            0.049493,            0.040147,           0.0057543,           0.0057543,           0.0057543
                 243,            0.022731,            0.031323,            0.010264,             0.69222,             0.35365,             0.40261,             0.32227,            0.026321,            0.049545,            0.040169,           0.0057261,           0.0057261,           0.0057261
                 244,            0.022759,            0.031239,            0.010293,              0.6932,             0.35242,             0.40168,             0.31985,            0.026327,             0.04958,            0.040182,           0.0056979,           0.0056979,           0.0056979
                 245,            0.022497,            0.031177,            0.010232,             0.67739,             0.36196,             0.40193,             0.32045,            0.026331,            0.049611,            0.040187,           0.0056696,           0.0056696,           0.0056696
                 246,            0.022811,            0.031327,            0.010203,             0.67991,             0.36119,             0.40201,             0.32042,            0.026335,            0.049649,            0.040191,           0.0056413,           0.0056413,           0.0056413
                 247,            0.022458,            0.030929,            0.010081,             0.67956,              0.3596,             0.40194,              0.3202,            0.026339,             0.04968,            0.040204,           0.0056131,           0.0056131,           0.0056131
                 248,            0.022581,            0.030985,            0.010181,             0.68024,              0.3587,             0.40245,             0.32083,            0.026342,             0.04972,            0.040226,           0.0055848,           0.0055848,           0.0055848
                 249,            0.022712,            0.030875,            0.010188,             0.68036,             0.35802,             0.40196,             0.32048,            0.026343,            0.049757,            0.040243,           0.0055565,           0.0055565,           0.0055565
                 250,            0.022525,            0.030644,            0.010087,             0.68056,             0.35759,             0.40163,              0.3201,            0.026343,            0.049798,            0.040259,           0.0055283,           0.0055283,           0.0055283
                 251,            0.022619,            0.030959,            0.010113,             0.68465,             0.35474,             0.39704,             0.31648,            0.026347,            0.049839,            0.040289,              0.0055,              0.0055,              0.0055
                 252,             0.02252,             0.03086,            0.010137,             0.68864,             0.35296,             0.39535,             0.31478,            0.026347,             0.04989,            0.040311,           0.0054717,           0.0054717,           0.0054717
                 253,             0.02249,            0.030966,           0.0099644,              0.6903,             0.35263,             0.39841,             0.31741,            0.026347,            0.049923,            0.040315,           0.0054435,           0.0054435,           0.0054435
                 254,            0.022534,            0.030742,            0.010096,              0.6896,             0.35241,             0.39862,             0.31815,            0.026352,            0.049954,            0.040312,           0.0054152,           0.0054152,           0.0054152
                 255,            0.022377,            0.030574,           0.0098394,             0.69646,             0.35188,             0.39844,             0.31838,            0.026356,            0.049994,             0.04031,           0.0053869,           0.0053869,           0.0053869
                 256,            0.022257,            0.030888,           0.0099607,             0.69871,             0.35037,             0.39778,             0.31783,             0.02636,            0.050037,            0.040323,           0.0053587,           0.0053587,           0.0053587
                 257,            0.022351,            0.030571,           0.0099352,             0.70836,               0.349,             0.39737,             0.31749,            0.026364,            0.050088,            0.040322,           0.0053304,           0.0053304,           0.0053304
                 258,            0.022041,            0.030206,           0.0098433,             0.70962,             0.34843,             0.39705,             0.31724,            0.026367,            0.050131,            0.040333,           0.0053021,           0.0053021,           0.0053021
                 259,             0.02238,            0.030728,            0.009817,              0.7115,             0.34817,             0.39676,             0.31695,            0.026369,            0.050163,            0.040346,           0.0052739,           0.0052739,           0.0052739
                 260,            0.022203,            0.030683,           0.0098202,             0.72003,             0.34718,             0.39728,             0.31767,            0.026374,            0.050218,            0.040364,           0.0052457,           0.0052457,           0.0052457
                 261,            0.022158,            0.030639,           0.0097092,             0.71874,             0.34651,             0.39714,             0.31767,            0.026374,            0.050234,            0.040385,           0.0052174,           0.0052174,           0.0052174
                 262,            0.022161,            0.030369,           0.0097728,             0.71921,             0.34616,             0.39694,             0.31744,            0.026373,            0.050263,            0.040409,           0.0051892,           0.0051892,           0.0051892
                 263,            0.022191,            0.030599,           0.0097583,             0.71388,             0.34508,             0.39657,             0.31704,             0.02638,             0.05031,            0.040446,            0.005161,            0.005161,            0.005161
                 264,            0.022206,            0.030756,           0.0097481,             0.71545,             0.34464,             0.39671,             0.31709,            0.026386,            0.050337,            0.040467,           0.0051328,           0.0051328,           0.0051328
                 265,            0.022175,            0.030671,           0.0098084,             0.71635,             0.34309,             0.39671,             0.31729,            0.026389,            0.050371,            0.040497,           0.0051047,           0.0051047,           0.0051047
                 266,            0.022163,            0.030617,           0.0097046,             0.71682,             0.34273,             0.39595,             0.31652,            0.026394,             0.05042,            0.040543,           0.0050765,           0.0050765,           0.0050765
                 267,            0.021833,            0.029975,           0.0095762,             0.71711,             0.34155,              0.3949,             0.31577,            0.026398,            0.050431,            0.040581,           0.0050484,           0.0050484,           0.0050484
                 268,            0.022142,            0.030468,           0.0096607,              0.7168,             0.34149,             0.39476,              0.3158,            0.026402,             0.05048,            0.040598,           0.0050202,           0.0050202,           0.0050202
                 269,            0.021959,            0.030431,           0.0097121,               0.716,             0.34177,             0.39449,             0.31537,            0.026404,            0.050487,            0.040615,           0.0049921,           0.0049921,           0.0049921
                 270,            0.022151,            0.030479,           0.0096752,             0.71493,              0.3409,             0.39399,             0.31504,            0.026408,            0.050533,            0.040645,           0.0049641,           0.0049641,           0.0049641
                 271,            0.021856,            0.029992,           0.0095947,              0.7168,             0.33997,             0.39404,             0.31516,            0.026411,            0.050576,            0.040665,            0.004936,            0.004936,            0.004936
                 272,            0.021941,            0.030303,           0.0095371,             0.70994,             0.34259,             0.39423,             0.31536,            0.026415,            0.050606,            0.040686,            0.004908,            0.004908,            0.004908
                 273,            0.022048,            0.030089,           0.0095857,             0.72356,             0.33862,             0.39432,             0.31515,            0.026419,             0.05065,            0.040713,           0.0048799,           0.0048799,           0.0048799
                 274,            0.021871,            0.030056,           0.0094748,              0.7248,             0.33848,              0.3944,             0.31527,            0.026423,            0.050679,            0.040738,            0.004852,            0.004852,            0.004852
                 275,            0.022083,            0.030473,           0.0096377,             0.72445,              0.3385,             0.39397,             0.31501,            0.026427,            0.050699,            0.040769,            0.004824,            0.004824,            0.004824
                 276,            0.021926,            0.029962,           0.0094772,             0.72691,             0.33872,             0.39341,             0.31417,             0.02643,            0.050705,            0.040788,            0.004796,            0.004796,            0.004796
                 277,            0.021584,            0.029606,           0.0094977,             0.72704,             0.33802,             0.39282,             0.31302,            0.026433,            0.050737,            0.040814,           0.0047681,           0.0047681,           0.0047681
                 278,            0.021803,            0.030228,           0.0095831,             0.72855,             0.33733,             0.39267,             0.31307,            0.026436,            0.050763,            0.040833,           0.0047402,           0.0047402,           0.0047402
                 279,             0.02177,            0.029812,           0.0094486,             0.72906,             0.33766,             0.39228,             0.31262,            0.026439,            0.050788,            0.040846,           0.0047124,           0.0047124,           0.0047124
                 280,            0.021612,            0.029848,           0.0092857,             0.73627,             0.33667,             0.39234,             0.31253,            0.026443,            0.050816,             0.04086,           0.0046846,           0.0046846,           0.0046846
                 281,            0.021738,            0.029872,           0.0093575,             0.73851,             0.33518,             0.39462,             0.31433,            0.026446,            0.050848,            0.040875,           0.0046568,           0.0046568,           0.0046568
                 282,            0.021567,            0.029611,           0.0092863,             0.73874,               0.334,             0.39483,             0.31451,            0.026449,            0.050874,            0.040906,            0.004629,            0.004629,            0.004629
                 283,            0.021496,            0.029757,           0.0093377,             0.74045,             0.33347,             0.39473,             0.31482,            0.026451,            0.050924,            0.040927,           0.0046013,           0.0046013,           0.0046013
                 284,            0.021566,            0.029674,           0.0093199,             0.74142,             0.33365,             0.39445,             0.31481,            0.026453,            0.050973,            0.040948,           0.0045736,           0.0045736,           0.0045736
                 285,            0.021705,            0.030077,           0.0092876,             0.74661,             0.33342,             0.39411,              0.3145,            0.026455,            0.050992,            0.040974,            0.004546,            0.004546,            0.004546
                 286,            0.021796,            0.029931,           0.0093741,             0.74955,              0.3337,             0.39449,             0.31477,            0.026458,            0.051035,            0.041003,           0.0045184,           0.0045184,           0.0045184
